,dr1,dr2,df1,df2,g,gan
0,0.27116334438323975,0.8489667177200317,0.14684054255485535,0.7940382957458496,0.26081645488739014,7.207934856414795
1,0.18637441098690033,0.6044883728027344,0.03721979260444641,0.8382424712181091,0.25840187072753906,7.317680358886719
2,0.10537087917327881,0.6047833561897278,0.023670723661780357,0.812084436416626,0.2558562457561493,7.2416672706604
3,0.06699016690254211,0.6856808662414551,0.013782303780317307,0.7322225570678711,0.25398239493370056,7.182430267333984
4,0.044506192207336426,0.6161963939666748,0.01271900162100792,0.8767472505569458,0.2517341673374176,7.281951904296875
5,0.0357721783220768,0.5679929256439209,0.01153513602912426,0.730878472328186,0.24961936473846436,7.525941371917725
6,0.026214703917503357,0.6342737674713135,0.005238820798695087,0.6686153411865234,0.2476830631494522,7.1421661376953125
7,0.02635880932211876,0.5793779492378235,0.007361003663390875,0.7657222747802734,0.24587391316890717,7.139223575592041
8,0.011812547221779823,0.5055030584335327,0.009405200369656086,0.8523328304290771,0.24385608732700348,7.583630084991455
9,0.011716297827661037,0.4569474458694458,0.005996793508529663,0.8861318826675415,0.24211284518241882,7.147421360015869
10,0.009218402206897736,0.46783173084259033,0.0028046288061887026,0.7450253963470459,0.24003943800926208,7.6582207679748535
11,0.011044878512620926,0.7721367478370667,0.003454321064054966,0.7264572978019714,0.23814065754413605,6.832055568695068
12,0.008072732016444206,0.5031619668006897,0.00304885720834136,0.8934545516967773,0.2362883985042572,7.620429992675781
13,0.00545313348993659,0.6866199374198914,0.0023194756358861923,0.7515542507171631,0.23448072373867035,7.2447590827941895
14,0.01579974591732025,0.6006226539611816,0.002356510143727064,0.7859005928039551,0.23264586925506592,7.433295726776123
15,0.00700904056429863,0.5986231565475464,0.0023284205235540867,0.6993551254272461,0.2307419329881668,7.2001566886901855
16,0.008332706056535244,0.45600271224975586,0.002347770379856229,0.6998187899589539,0.22881855070590973,7.812848091125488
17,0.011795373633503914,0.5539069175720215,0.003089540870860219,0.7302685379981995,0.22706149518489838,6.993431091308594
18,0.006185420788824558,0.7133640050888062,0.0022434829734265804,0.8718933463096619,0.22500064969062805,8.072168350219727
19,0.005874192342162132,0.48848748207092285,0.003211522940546274,0.6492074131965637,0.22355516254901886,7.388558864593506
20,0.010576626285910606,0.4554273784160614,0.003462716471403837,0.622809648513794,0.22148792445659637,7.7930803298950195
21,0.004060347564518452,0.7220597267150879,0.00241670710965991,0.6857908368110657,0.21956217288970947,8.316064834594727
22,0.00245428248308599,0.5300616025924683,0.003659934736788273,0.6716248989105225,0.2179354429244995,7.674092769622803
23,0.0026105553843080997,0.5586637854576111,0.0033005003351718187,0.7605874538421631,0.2159940004348755,8.763188362121582
24,0.0028942569624632597,0.6134247779846191,0.0016890405677258968,0.6511890888214111,0.21416763961315155,10.52005386352539
25,0.0028889095410704613,0.6177235841751099,0.004658017307519913,0.6935299038887024,0.21246051788330078,8.62833309173584
26,0.0042395214550197124,0.5357067584991455,0.00889159832149744,0.6654191017150879,0.2108224630355835,10.171867370605469
27,0.004237698391079903,0.4210662841796875,0.003335658460855484,0.5027734637260437,0.209044948220253,12.628334999084473
28,0.003025338053703308,0.5894306898117065,0.004413854330778122,0.728524923324585,0.207402765750885,11.47346019744873
29,0.003955305553972721,0.4314033091068268,0.003273352514952421,0.6112090945243835,0.20553645491600037,14.951082229614258
30,0.004400505218654871,0.49463412165641785,0.001819718861952424,0.7163352966308594,0.20392410457134247,9.999405860900879
31,0.001898337621241808,0.5996297597885132,0.002961446065455675,0.5898433327674866,0.20206806063652039,13.50929069519043
32,0.0021259996574372053,0.6368535757064819,0.002653123578056693,0.7149684429168701,0.20051445066928864,10.102956771850586
33,0.0028932252898812294,0.6437549591064453,0.002911820076406002,0.6463693380355835,0.19881469011306763,12.838066101074219
34,0.003879183903336525,0.4852161407470703,0.0027157531585544348,0.6828974485397339,0.1970970332622528,14.194083213806152
35,0.003000014927238226,0.5411269664764404,0.0017856266349554062,0.4937341809272766,0.19563892483711243,15.637039184570312
36,0.0027117934077978134,0.5740386247634888,0.0037643290124833584,0.6447182893753052,0.19376987218856812,16.823104858398438
37,0.0015124960336834192,0.4180341362953186,0.002556620864197612,0.6049087047576904,0.19221509993076324,19.79642105102539
38,0.0016807785723358393,0.4566255509853363,0.001714283716864884,0.5727664232254028,0.19038763642311096,23.76779556274414
39,0.002407058607786894,0.484399676322937,0.004382551647722721,0.4856705665588379,0.18900366127490997,20.235462188720703
40,0.002000201493501663,0.5446199178695679,0.002024275716394186,0.5744832158088684,0.1870780885219574,22.543991088867188
41,0.001900449744425714,0.5358448624610901,0.0019800676964223385,0.7077144384384155,0.1854579597711563,20.31449317932129
42,0.006579441484063864,0.6116970181465149,0.0008112075156532228,0.6295621991157532,0.18382015824317932,23.163349151611328
43,0.0017200633883476257,0.5281853675842285,0.0013212021440267563,0.7138384580612183,0.18210536241531372,18.2569637298584
44,0.003687745425850153,0.5208549499511719,0.0013242352288216352,0.5897126197814941,0.18063697218894958,29.791553497314453
45,0.002524017821997404,0.4047113060951233,0.000960690260399133,0.534461498260498,0.17895303666591644,18.78730583190918
46,0.0013641773257404566,0.3797758221626282,0.00744923111051321,0.5987778306007385,0.17721007764339447,32.68266677856445
47,0.0015772427432239056,0.4266287088394165,0.0011266424553468823,0.6157485842704773,0.17585954070091248,33.743080139160156
48,0.003529469482600689,0.6158722639083862,0.00203078705817461,0.5973674058914185,0.17428256571292877,37.814666748046875
49,0.0011706086806952953,0.3827785849571228,0.0017005214467644691,0.6480087041854858,0.17279216647148132,41.394283294677734
50,0.0013417571317404509,0.5439664721488953,0.001364339841529727,0.6303319334983826,0.17090614140033722,43.771209716796875
51,0.0009312143665738404,0.49077802896499634,0.0029746934305876493,0.5989645719528198,0.16934090852737427,36.20074462890625
52,0.0007996970089152455,0.39529162645339966,0.003075216431170702,0.4071943163871765,0.1678033024072647,47.26158905029297
53,0.0009408314945176244,0.6140203475952148,0.001190852141007781,0.6630802750587463,0.1661883145570755,52.8484992980957
54,0.001642656628973782,0.3209083080291748,0.0010895521845668554,0.5408835411071777,0.16467851400375366,47.45724105834961
55,0.0020420674700289965,0.43647998571395874,0.001157277263700962,0.5658103823661804,0.16309933364391327,41.03447723388672
56,0.001410674536600709,0.33947092294692993,0.0013871437404304743,0.571631133556366,0.16164745390415192,59.296932220458984
57,0.0016598687507212162,0.5176792144775391,0.0012069509830325842,0.5550245046615601,0.16016283631324768,39.75637435913086
58,0.001070311525836587,0.4704155921936035,0.004593191668391228,0.6164374351501465,0.1586139053106308,48.14757537841797
59,0.0029042931273579597,0.7223219871520996,0.0013484180672094226,0.723996639251709,0.15725283324718475,47.30900573730469
60,0.0017438310896977782,0.4004233777523041,0.0014262459008023143,0.5036367177963257,0.1557895690202713,46.44969940185547
61,0.001219018828123808,0.6068724393844604,0.001041222014464438,0.619338870048523,0.1542818397283554,57.20125198364258
62,0.0010719267884269357,0.46221789717674255,0.0028082923963665962,0.5402914881706238,0.15287502110004425,59.53403854370117
63,0.0013257234822958708,0.539389967918396,0.002350015565752983,0.7538122534751892,0.15149861574172974,59.58478927612305
64,0.0013739981222897768,0.4026516079902649,0.0015058201970532537,0.6314465999603271,0.1501471847295761,65.23637390136719
65,0.001393600134178996,0.47986283898353577,0.0010566669516265392,0.626323938369751,0.14883995056152344,50.667030334472656
66,0.0011906977742910385,0.5090097784996033,0.0013818320585414767,0.7664463520050049,0.14740562438964844,56.621482849121094
67,0.0014264691853895783,0.3866332471370697,0.0009518414153717458,0.6320595741271973,0.1460174173116684,53.07784652709961
68,0.0012792639899998903,0.44133684039115906,0.0015714347828179598,0.5975056290626526,0.14466243982315063,56.399471282958984
69,0.0017476510256528854,0.5141886472702026,0.0011872800532728434,0.733838677406311,0.14357557892799377,71.72561645507812
70,0.0033256318420171738,0.480663537979126,0.001399308443069458,0.5875718593597412,0.14206068217754364,70.65095520019531
71,0.0019351911032572389,0.524526834487915,0.0026950351893901825,0.5586657524108887,0.14115120470523834,66.70030975341797
72,0.001916043576784432,0.4937133193016052,0.0017770903650671244,0.6379969120025635,0.13947764039039612,86.21572875976562
73,0.0011060519609600306,0.528570294380188,0.0011274057906121016,0.7568049430847168,0.1385398805141449,73.05138397216797
74,0.010188315063714981,0.3855971693992615,0.0013642485719174147,0.4892754852771759,0.1379069685935974,77.11072540283203
75,0.0008402062812820077,0.5647251009941101,0.0018492174567654729,0.5821418762207031,0.1360223889350891,58.377315521240234
76,0.0021794624626636505,0.4855918288230896,0.001023291377350688,0.7205430269241333,0.13460077345371246,63.8414192199707
77,0.0019055826123803854,0.42642486095428467,0.0009517473517917097,0.559705376625061,0.13328863680362701,52.75884246826172
78,0.0010051378048956394,0.44278568029403687,0.0010955423349514604,0.6329065561294556,0.13200914859771729,55.70952224731445
79,0.0009075949783436954,0.5503932237625122,0.0029541151598095894,0.6599775552749634,0.13124868273735046,60.800357818603516
80,0.0005836631171405315,0.4269019365310669,0.0014917661901563406,0.5638070106506348,0.1296297162771225,63.810691833496094
81,0.0010946817928925157,0.5509390234947205,0.000734568340703845,0.6792274713516235,0.1285592019557953,73.74855041503906
82,0.0016297895926982164,0.5391255617141724,0.0007726254407316446,0.5570138692855835,0.1273586004972458,58.42066955566406
83,0.0020561576820909977,0.5216382741928101,0.0010780375450849533,0.6954545378684998,0.12616682052612305,74.04248046875
84,0.0017493588384240866,0.4175770878791809,0.00028771691722795367,0.5718746185302734,0.1250656098127365,75.3499755859375
85,0.0007347409846261144,0.5644263625144958,0.0008720367914065719,0.7239264249801636,0.12392181158065796,61.85293197631836
86,0.0008430429152213037,0.4718741178512573,0.00036731301224790514,0.5347692966461182,0.12272486090660095,48.479671478271484
87,0.0014464296400547028,0.5759985446929932,0.00042619206942617893,0.7580889463424683,0.12203297019004822,59.952606201171875
88,0.001238933065906167,0.39018377661705017,0.0009704871335998178,0.6174979209899902,0.12048549950122833,58.10941696166992
89,0.000861804757732898,0.48363396525382996,0.002112964168190956,0.5709514617919922,0.11946512013673782,67.7844009399414
90,0.001519122626632452,0.4889116585254669,0.0007239889819175005,0.6033685207366943,0.11883530020713806,57.586734771728516
91,0.000782281975261867,0.4520377218723297,0.000647013308480382,0.5868817567825317,0.11725006252527237,76.62216186523438
92,0.0018401567358523607,0.5285266637802124,0.00021143151388969272,0.7585774660110474,0.11648102104663849,78.55917358398438
93,0.0019491761922836304,0.42345839738845825,0.00021006529277656227,0.5765026807785034,0.11515548080205917,84.5967788696289
94,0.0008900388493202627,0.4034140706062317,0.0024163206107914448,0.5362793207168579,0.11416921764612198,62.21748733520508
95,0.002448804210871458,0.5413351655006409,0.000762688578106463,0.5335540175437927,0.11312122642993927,82.6487808227539
96,0.0009478775318711996,0.5084863305091858,0.0004571052559185773,0.640094518661499,0.11202165484428406,71.04230499267578
97,0.0006941012106835842,0.3709144592285156,0.0015057888813316822,0.4850538372993469,0.11115781962871552,89.2483901977539
98,0.0010121921077370644,0.3968896269798279,0.000502954120747745,0.6014753580093384,0.11000857502222061,83.29011535644531
99,0.0018349362071603537,0.469769150018692,0.000894287833943963,0.5735180974006653,0.11076879501342773,63.76069641113281
100,0.0008237336296588182,0.530023992061615,0.0007401065086014569,0.626204252243042,0.10859335213899612,65.86551666259766
101,0.0005288622342050076,0.5364792346954346,0.0001740541629260406,0.7182900309562683,0.10710535943508148,72.4123306274414
102,0.0018135977443307638,0.38761651515960693,0.00040669139707461,0.4038342833518982,0.1061227098107338,86.43669891357422
103,0.0009084978955797851,0.5034151673316956,0.0004843437345698476,0.5114059448242188,0.10514906048774719,71.34388732910156
104,0.0009826126042753458,0.4688502550125122,0.0007918871706351638,0.6160887479782104,0.10420303046703339,50.995269775390625
105,0.000542618683539331,0.3759894371032715,0.0022742070723325014,0.5675621032714844,0.10344841331243515,65.80863189697266
106,0.002291375305503607,0.3429992198944092,0.0004192024061921984,0.5728779435157776,0.10235528647899628,74.29473876953125
107,0.0008754626614972949,0.5093698501586914,0.00046404506429098547,0.560744047164917,0.10144151747226715,83.67765808105469
108,0.0010129890870302916,0.4704382121562958,0.0007816186407580972,0.5785394906997681,0.10051006078720093,94.34626770019531
109,0.0013352062087506056,0.5468449592590332,0.0005048509337939322,0.6838592290878296,0.0996200367808342,58.706092834472656
110,0.0008096408564597368,0.4593990445137024,0.000481374969240278,0.6584605574607849,0.09872793406248093,62.70563507080078
111,0.0015872176736593246,0.40996256470680237,0.0005063217831775546,0.6199700832366943,0.09788553416728973,63.248443603515625
112,0.0008048577583394945,0.4264497756958008,0.0002686134830582887,0.6682823896408081,0.09732569754123688,82.73808288574219
113,0.00042683034553192556,0.47377732396125793,0.0004116558993700892,0.6960883140563965,0.09616430103778839,57.58744430541992
114,0.00117560476064682,0.39623212814331055,0.0003683152608573437,0.5808864235877991,0.09524935483932495,50.4686393737793
115,0.0009366745362058282,0.5444626808166504,0.0012300480157136917,0.5179108381271362,0.0943717509508133,77.45394134521484
116,0.0007263515144586563,0.4245619773864746,0.000536346691660583,0.3653753399848938,0.0939313992857933,80.17918395996094
117,0.0009470673394389451,0.35526567697525024,0.00040909243398346007,0.4937255382537842,0.09280620515346527,86.09313201904297
118,0.0006051883101463318,0.5443055629730225,0.0009161275229416788,0.6831504106521606,0.09194794297218323,60.603492736816406
119,0.00040117124444805086,0.4530504643917084,0.0003719771048054099,0.5683342814445496,0.09113630652427673,54.0160026550293
120,0.0005938491667620838,0.3951432406902313,0.00018693692982196808,0.6091867685317993,0.09031295776367188,84.63581085205078
121,0.0017246734350919724,0.4302634298801422,0.0009847689652815461,0.5355495810508728,0.08955210447311401,58.94489669799805
122,0.001021974952891469,0.5177042484283447,0.00034455570857971907,0.5218016505241394,0.08864065259695053,106.02854919433594
123,0.0007423698552884161,0.4833343029022217,0.0013244044966995716,0.5479977130889893,0.08794674277305603,96.93756103515625
124,0.0009332365589216352,0.4183703660964966,0.0009222867665812373,0.432152658700943,0.08707023411989212,104.96441650390625
125,0.0012544288765639067,0.4608381390571594,0.002491105580702424,0.559686541557312,0.08653311431407928,83.5418701171875
126,0.00035838267649523914,0.5395927429199219,0.00014280366303864866,0.7184200286865234,0.08569448441267014,79.10887145996094
127,0.0002285678929183632,0.365082323551178,0.004132553469389677,0.6216229796409607,0.08487428724765778,77.25405883789062
128,0.0004658738907892257,0.5156864523887634,0.0005741501227021217,0.6538799405097961,0.0845707356929779,80.40753936767578
129,0.0008039514068514109,0.42521578073501587,0.0006201858632266521,0.7116786241531372,0.08334080874919891,77.13751983642578
130,0.0004760348820127547,0.4797952473163605,0.000624257605522871,0.5997796058654785,0.08267807215452194,59.250423431396484
131,0.0005298418109305203,0.5187974572181702,0.0006554618594236672,0.6170728206634521,0.08182437717914581,89.04231262207031
132,0.0006011913646943867,0.3600862920284271,0.00048141207662411034,0.5819151401519775,0.08135294169187546,63.75019836425781
133,0.0006665394175797701,0.4054570496082306,0.0008163227466866374,0.5502721071243286,0.08101358264684677,48.42919921875
134,0.0017134548397734761,0.46779710054397583,0.00018825844745151699,0.5840041637420654,0.07981826364994049,63.36738586425781
135,0.0008293499704450369,0.49914827942848206,0.000890321796759963,0.5715211629867554,0.07911162823438644,55.47682571411133
136,0.0014888029545545578,0.5286920070648193,0.0008743100333958864,0.5529947876930237,0.07866935431957245,53.802032470703125
137,0.0015222857473418117,0.32103675603866577,0.0005409198929555714,0.5183703899383545,0.07771464437246323,80.73573303222656
138,0.0007816369761712849,0.5573828220367432,0.0009656480979174376,0.6364137530326843,0.07701265066862106,83.60617065429688
139,0.000587355112656951,0.5095354914665222,0.000706429360434413,0.6212645173072815,0.07632707804441452,69.4555892944336
140,0.00039436068618670106,0.4837830662727356,0.0005380853544920683,0.6095298528671265,0.07565757632255554,70.76632690429688
141,0.0008679702295921743,0.4407026171684265,0.0010680902050808072,0.5680903196334839,0.07515683025121689,71.35719299316406
142,0.0006202914519235492,0.4247150421142578,0.0007556495256721973,0.6124775409698486,0.07443071156740189,74.05033111572266
143,0.0012654023012146354,0.32914334535598755,0.0006127375527285039,0.47268909215927124,0.07376337796449661,68.78146362304688
144,0.00041321536991745234,0.403409868478775,0.000315206591039896,0.6136268377304077,0.0730777382850647,65.3854751586914
145,0.0006710150046274066,0.4540533423423767,0.0010467590764164925,0.6607378721237183,0.07325676083564758,66.64698791503906
146,0.0005740014021284878,0.4170423746109009,0.006816441658884287,0.6385350227355957,0.0721026062965393,64.83333587646484
147,0.0012256645131856203,0.4188807010650635,0.00028372235829010606,0.5889592170715332,0.07199721038341522,67.9499282836914
148,0.0009798376122489572,0.3682851195335388,0.0015766636934131384,0.5234154462814331,0.07065949589014053,85.203369140625
149,0.0007075628964230418,0.34042802453041077,0.0004992136964574456,0.612189769744873,0.07000724971294403,74.46817779541016
150,0.0010651156771928072,0.36172720789909363,0.0007892389548942447,0.5802188515663147,0.0694906935095787,98.58924865722656
151,0.00025675585493445396,0.47735080122947693,0.0009244584944099188,0.6438014507293701,0.06879296898841858,76.80677795410156
152,0.00034014435368590057,0.3985968828201294,0.0017754468135535717,0.5641568303108215,0.06890474259853363,67.62027740478516
153,0.0008100796840153635,0.4204076826572418,0.0020925868302583694,0.4995160698890686,0.06801214069128036,67.07417297363281
154,0.0006416708347387612,0.29675716161727905,0.00031732357456348836,0.4778917133808136,0.06735426932573318,90.06564331054688
155,0.0009305360727012157,0.4185560345649719,0.0018770293099805713,0.5606939196586609,0.06670698523521423,92.12360382080078
156,0.001208225847221911,0.4416434168815613,0.0001432356220902875,0.564886748790741,0.06605116277933121,133.3574981689453
157,0.0008173813694156706,0.3839495778083801,0.0004103367100469768,0.569450855255127,0.06547407060861588,97.53377532958984
158,0.0010194022906944156,0.2255115807056427,0.00010015496809501201,0.23524896800518036,0.06510989367961884,132.15945434570312
159,0.0009299908997491002,0.42870834469795227,0.0009814681252464652,0.5176793336868286,0.0643518939614296,106.82295227050781
160,0.0014996861573308706,0.4105808734893799,0.002329766284674406,0.6228322982788086,0.06379172950983047,71.78971099853516
161,0.00043830438517034054,0.43844303488731384,0.00016070845595095307,0.5889500379562378,0.06323693692684174,90.68665313720703
162,0.0006000145804136992,0.4835699796676636,0.0011188972275704145,0.5261727571487427,0.06269759684801102,82.26696014404297
163,0.0015759742818772793,0.4239870011806488,0.00032660464057698846,0.4873424768447876,0.06230149790644646,64.2254638671875
164,0.0010576684726402164,0.45981746912002563,0.00045931246131658554,0.62111496925354,0.06186331808567047,77.25569915771484
165,0.00044309048098511994,0.5134814977645874,0.0039366171695292,0.5416551232337952,0.06142515689134598,75.01493072509766
166,0.0008643865585327148,0.41561734676361084,0.0003238207718823105,0.5805695056915283,0.06073268875479698,71.8198013305664
167,0.0012993707787245512,0.4473518133163452,0.0002132072695530951,0.535461962223053,0.06028778851032257,73.68060302734375
168,0.0007156842621043324,0.3167772889137268,0.0016750029753893614,0.47659632563591003,0.05992276221513748,81.41899871826172
169,0.00037670854362659156,0.41063380241394043,0.000267116934992373,0.48382118344306946,0.05926969647407532,52.190189361572266
170,0.0007945477264001966,0.30381786823272705,0.0003891766828019172,0.5022911429405212,0.05872047320008278,80.8558578491211
171,0.0007473696023225784,0.5194600820541382,0.0008559356792829931,0.6130750179290771,0.058290883898735046,71.16458129882812
172,0.0009053517132997513,0.5208833813667297,0.00046435330295935273,0.5979870557785034,0.05776674300432205,56.21807098388672
173,0.0008235807763412595,0.4219558835029602,0.003214610740542412,0.5315040349960327,0.057387825101614,57.24302673339844
174,0.0006294280174188316,0.4145706295967102,0.0008942406275309622,0.6603976488113403,0.056847140192985535,52.24636459350586
175,0.0007050051353871822,0.3860153555870056,0.0005009442684240639,0.576658308506012,0.056383561342954636,45.97829818725586
176,0.00038974900962784886,0.46176469326019287,0.00017772371938917786,0.6077477931976318,0.05611363425850868,45.804405212402344
177,0.0006243283860385418,0.548804521560669,0.0025672169867902994,0.5774576663970947,0.05555475875735283,41.64276123046875
178,0.005739386659115553,0.4220450520515442,0.0003778525278903544,0.6137809753417969,0.054990362375974655,51.73226547241211
179,0.0010770006338134408,0.4828972816467285,0.0006253519095480442,0.6496517658233643,0.05455693230032921,49.1746826171875
180,0.0011204909533262253,0.4579835534095764,0.003551789792254567,0.679913341999054,0.05410878732800484,29.996482849121094
181,0.001109411707147956,0.3811086416244507,0.00027877322281710804,0.4595670998096466,0.053866006433963776,29.557239532470703
182,0.0014418514911085367,0.45732012391090393,0.0004481833311729133,0.6568658351898193,0.053325194865465164,23.891338348388672
183,0.0009691714076325297,0.41261154413223267,0.0015979842282831669,0.5436315536499023,0.053024083375930786,31.088726043701172
184,0.0010303505696356297,0.44248655438423157,0.0008844449766911566,0.5934315919876099,0.05243450030684471,41.79722213745117
185,0.0008199061267077923,0.410233736038208,0.0004904659581370652,0.5274744033813477,0.05335865169763565,30.579736709594727
186,0.0004063593805767596,0.42454129457473755,0.0006317266961559653,0.6668453812599182,0.0519850067794323,38.23242950439453
187,0.0026838844642043114,0.40096840262413025,0.0006511725950986147,0.5424862504005432,0.0513424426317215,33.558780670166016
188,0.0006520580500364304,0.45849522948265076,0.00115098524838686,0.6515437364578247,0.05087091401219368,44.91023254394531
189,0.000496411754284054,0.42080238461494446,0.0008668008376844227,0.5562495589256287,0.050425730645656586,42.26402282714844
190,0.0004862036439590156,0.25183379650115967,9.623270307201892e-05,0.5198157429695129,0.05013217777013779,38.19643783569336
191,0.0006247180863283575,0.3988887369632721,0.00014882809773553163,0.5888688564300537,0.05011158809065819,38.55083084106445
192,0.0007771215750835836,0.49782615900039673,0.00033411080949008465,0.5862628221511841,0.050091031938791275,31.600006103515625
193,0.0007625364814884961,0.4608718454837799,0.0003120026085525751,0.5925817489624023,0.04890163242816925,28.92184066772461
194,0.0021743066608905792,0.46446481347084045,0.0006329223979264498,0.559149444103241,0.04860725253820419,30.48179817199707
195,0.0006958378944545984,0.3735165297985077,0.00034195653279311955,0.5842989683151245,0.04826034605503082,36.306060791015625
196,0.0006054822588339448,0.4999576807022095,0.001247983193024993,0.5865070819854736,0.048331573605537415,28.884117126464844
197,0.0003994331054855138,0.2753583788871765,0.000324467895552516,0.39798906445503235,0.04768877476453781,35.427207946777344
198,0.0004826566728297621,0.4317373037338257,0.00011109803017461672,0.5871734619140625,0.04736433923244476,28.88914680480957
199,0.0006302865222096443,0.4513869881629944,0.0006350438925437629,0.7020620703697205,0.04674097150564194,19.588390350341797
200,0.0003984045470133424,0.3843662738800049,0.0032671582885086536,0.5602082014083862,0.046713557094335556,15.373268127441406
201,0.0005292864516377449,0.577369749546051,0.0024276524782180786,0.6173033714294434,0.04600768908858299,12.494359016418457
202,0.0007023493526503444,0.44937726855278015,0.0014630616642534733,0.5829368829727173,0.046501778066158295,12.277310371398926
203,0.0005624721525236964,0.36487430334091187,4.702901060227305e-05,0.5591856241226196,0.04547934606671333,10.426166534423828
204,0.0004978110082447529,0.40345072746276855,0.0028055328875780106,0.564583420753479,0.04503590986132622,12.41976261138916
205,0.00027467275504022837,0.4142872095108032,0.0008847418357618153,0.6465007066726685,0.04477902874350548,12.750996589660645
206,0.0005205683410167694,0.504717230796814,0.0019127533305436373,0.6234917044639587,0.04438360780477524,13.701154708862305
207,0.0005825907574035227,0.41076621413230896,0.00024906720500439405,0.47723573446273804,0.044017620384693146,11.937163352966309
208,0.0007430659024976194,0.36580419540405273,9.900455916067585e-05,0.505469799041748,0.043674781918525696,13.908844947814941
209,0.0004781530296895653,0.3868674635887146,0.0007803374319337308,0.4646545946598053,0.04387524724006653,16.623809814453125
210,0.00044577225344255567,0.451966255903244,0.0009039721917361021,0.6691443920135498,0.04327753931283951,16.267263412475586
211,0.0009930467931553721,0.38473355770111084,0.0006535244174301624,0.5246069431304932,0.04284455254673958,15.299017906188965
212,0.0002533515216782689,0.3205592930316925,0.00088854058412835,0.6033135652542114,0.04247444495558739,18.122995376586914
213,0.0004192700143903494,0.34327661991119385,0.00106354511808604,0.5882575511932373,0.0423620231449604,17.85991859436035
214,0.0003844423918053508,0.39099201560020447,0.001951689599081874,0.6231827735900879,0.04188670963048935,17.82642364501953
215,0.00045359093928709626,0.38201579451560974,0.0012459562858566642,0.5602158308029175,0.04158466309309006,14.011944770812988
216,0.00035894865868613124,0.44304460287094116,0.0008617686689831316,0.583746075630188,0.04163080081343651,11.911910057067871
217,0.0004387205117382109,0.42078840732574463,0.006595331709831953,0.48337894678115845,0.041026774793863297,14.389589309692383
218,0.000681863515637815,0.35707777738571167,0.0005052222404628992,0.49074986577033997,0.04071224108338356,17.784025192260742
219,0.00024490460054948926,0.47845834493637085,0.0015978829469531775,0.6806694269180298,0.04041163623332977,16.67108726501465
220,0.0006282755057327449,0.5422999858856201,0.00023375845921691507,0.6563109755516052,0.040074750781059265,15.543587684631348
221,0.00074278365354985,0.4057508707046509,0.00010305282921763137,0.6093453168869019,0.040377892553806305,12.632054328918457
222,0.0009067201754078269,0.48306000232696533,8.829218131722882e-05,0.5496269464492798,0.03955209627747536,11.006790161132812
223,0.0010166936554014683,0.45781564712524414,0.0005423991824500263,0.532818078994751,0.03939468413591385,11.007739067077637
224,0.00025346604525111616,0.39821431040763855,0.000979313743300736,0.7021318674087524,0.03902828320860863,12.283713340759277
225,0.0007692499784752727,0.43013983964920044,0.0005168829811736941,0.6062613129615784,0.03895411267876625,7.841308116912842
226,0.0004473698791116476,0.41569364070892334,0.00030829248134978116,0.5658054351806641,0.03888661041855812,8.604637145996094
227,0.00043006608029827476,0.4119844138622284,0.0006152931600809097,0.5522373914718628,0.038358911871910095,10.203926086425781
228,0.0003968662058468908,0.4002290964126587,8.936825179262087e-05,0.6178364753723145,0.03803566098213196,11.283632278442383
229,0.0004267631738912314,0.33926481008529663,6.576753366971388e-05,0.607297420501709,0.03766816854476929,11.423175811767578
230,0.0003145780647173524,0.3548343777656555,0.0001685614261077717,0.5590879917144775,0.03752657398581505,12.088732719421387
231,0.0008847236167639494,0.5200413465499878,0.0004112009482923895,0.5479499101638794,0.0371505543589592,10.402325630187988
232,0.00036434008507058024,0.6194711923599243,0.0005180504522286355,0.5589902400970459,0.03691926598548889,9.180403709411621
233,0.003458593040704727,0.41674739122390747,0.0005710992845706642,0.572015643119812,0.03724435344338417,9.395236015319824
234,0.00032012927113100886,0.3151950240135193,0.0004156702198088169,0.5703493356704712,0.03650512173771858,8.892046928405762
235,0.0004581310204230249,0.4048311114311218,0.0002653143310453743,0.5177729725837708,0.03619785234332085,9.372415542602539
236,0.0004813056148122996,0.4590153694152832,0.00014310386904980987,0.5480921864509583,0.03597896918654442,7.255946159362793
237,0.0002582015295047313,0.5023441910743713,0.00014954748621676117,0.6169771552085876,0.03567691519856453,7.128891944885254
238,0.0008053829660639167,0.29977431893348694,0.0002483699645381421,0.6068990230560303,0.035552240908145905,6.945591926574707
239,0.00046774360816925764,0.4476366937160492,0.00043912933324463665,0.569143533706665,0.035203736275434494,7.635439872741699
240,0.0004062883381266147,0.4654882550239563,0.0006751468172296882,0.6272802352905273,0.03495349735021591,13.12132453918457
241,0.0004170534375589341,0.4891146719455719,0.0004912744043394923,0.6376818418502808,0.034676443785429,13.762078285217285
242,0.0008596297120675445,0.531669020652771,0.00033616600558161736,0.6592742800712585,0.034436844289302826,13.856270790100098
243,0.00031619935180060565,0.5032061338424683,6.678939826088026e-05,0.6276576519012451,0.03429456800222397,8.805374145507812
244,0.0004536416381597519,0.5317805409431458,0.0005359320202842355,0.7043315172195435,0.03399508073925972,12.677387237548828
245,0.000389362801797688,0.43007025122642517,0.0003210922877769917,0.6309748888015747,0.033779438585042953,10.564329147338867
246,0.00021314685000106692,0.29103994369506836,7.178928353823721e-05,0.5417985916137695,0.0337025411427021,9.650063514709473
247,0.00026044726837426424,0.36617612838745117,0.0001292753586312756,0.5973658561706543,0.03331978619098663,6.845340251922607
248,0.0006334328791126609,0.43035128712654114,6.263028626563028e-05,0.6975727677345276,0.03319421410560608,7.963543891906738
249,0.0002463285345584154,0.31603556871414185,0.00022296173847280443,0.4810860753059387,0.0329853817820549,7.423642158508301
250,0.0004619656829163432,0.4616575539112091,0.0003161417553201318,0.5633732080459595,0.03281571716070175,10.733149528503418
251,0.0007210466428659856,0.3659033477306366,0.0009479987784288824,0.4818013310432434,0.03254379332065582,16.383676528930664
252,0.0003475662670098245,0.3989315629005432,0.0021810440812259912,0.630117654800415,0.03244732320308685,19.85694122314453
253,0.00038341700565069914,0.39563050866127014,0.003196509787812829,0.5222046971321106,0.032134294509887695,14.699065208435059
254,0.0005379630019888282,0.2576230764389038,0.000554555794224143,0.570819616317749,0.031912241131067276,12.440433502197266
255,0.0006684816908091307,0.3182429075241089,0.0005804757820442319,0.48691803216934204,0.03183335065841675,15.758248329162598
256,0.0008708563400432467,0.3729332685470581,0.002485506236553192,0.6896144151687622,0.03209953382611275,17.805326461791992
257,0.0008557570399716496,0.4600774347782135,0.0008931907941587269,0.5579195022583008,0.0314129963517189,11.893914222717285
258,0.0008005176787264645,0.3836144804954529,0.0005821773665957153,0.5378838777542114,0.031203817576169968,10.112147331237793
259,0.0006948368391022086,0.329335480928421,0.0027994452975690365,0.5600807666778564,0.030908608809113503,9.328542709350586
260,0.0010705392342060804,0.3332788348197937,0.00013575621414929628,0.6655880212783813,0.030677925795316696,8.05027961730957
261,0.0004952887538820505,0.40596631169319153,0.0014201164012774825,0.595832109451294,0.030727718025445938,6.8246870040893555
262,0.0003145820810459554,0.39294958114624023,0.00027014734223484993,0.5867996215820312,0.030392389744520187,6.014573097229004
263,0.0006605333182960749,0.2663346827030182,0.0008639152511022985,0.5033822655677795,0.030620288103818893,6.971682071685791
264,0.0005287026870064437,0.3472229838371277,0.0001842342462623492,0.6580376625061035,0.03006169945001602,5.700567722320557
265,0.001812355825677514,0.33350247144699097,9.511456300970167e-05,0.5792545080184937,0.029979677870869637,6.997401237487793
266,0.000631229835562408,0.4918256103992462,2.6550678740022704e-05,0.5187084078788757,0.029666490852832794,5.965794086456299
267,0.0012259392533451319,0.4255613684654236,0.0024150756653398275,0.5111730098724365,0.029532890766859055,6.057941436767578
268,0.0008232025429606438,0.379657119512558,1.8553884729044512e-05,0.5307527780532837,0.02920723520219326,6.755792617797852
269,0.0004291680525057018,0.4566788971424103,4.6868699428159744e-05,0.6653700470924377,0.02902715653181076,6.854679584503174
270,0.00038692704401910305,0.37600913643836975,7.39687675377354e-05,0.5682474970817566,0.028802456334233284,5.991518020629883
271,0.0004578114894684404,0.3695107102394104,0.00032818433828651905,0.5446098446846008,0.028922591358423233,5.951648235321045
272,0.0005700348410755396,0.3709331750869751,2.1582487534033135e-05,0.6249023079872131,0.029030516743659973,6.613324165344238
273,0.00044657292892225087,0.4708211123943329,2.846307324944064e-05,0.6627964973449707,0.02861851267516613,6.475468635559082
274,0.0013021911727264524,0.2971011996269226,0.0002775687025859952,0.5254616737365723,0.02816399559378624,6.058823585510254
275,0.00038601242704316974,0.37149158120155334,1.8572445696918294e-05,0.6040488481521606,0.027969060465693474,5.527368068695068
276,0.00040113896830007434,0.3308197855949402,8.54049067129381e-05,0.5780430436134338,0.027802038937807083,5.563510417938232
277,0.00029921927489340305,0.3660152554512024,0.00023635837715119123,0.600662350654602,0.027627883478999138,6.416956424713135
278,0.0006460099830292165,0.4149583578109741,0.00017722616030368954,0.5391050577163696,0.02746550366282463,5.761836528778076
279,0.00025991135044023395,0.6227397322654724,8.255329157691449e-05,0.5633776187896729,0.02747163735330105,6.251619338989258
280,0.00023064820561558008,0.35231712460517883,0.00010281406866852194,0.5468553900718689,0.028205551207065582,6.07512903213501
281,0.00026739403256215155,0.3905153274536133,4.173840716248378e-05,0.47920486330986023,0.027128757908940315,5.042651176452637
282,0.00025459396420046687,0.375175416469574,7.88440738688223e-05,0.4809066951274872,0.027187809348106384,5.087749481201172
283,0.00026746263029053807,0.46073007583618164,3.174259472871199e-05,0.6586285829544067,0.026765527203679085,6.212130546569824
284,0.00026994384825229645,0.46602970361709595,3.3988879295066e-05,0.6200720071792603,0.02654971182346344,6.449216365814209
285,0.00010584908159216866,0.34872856736183167,7.010499757598154e-06,0.5627033114433289,0.026559768244624138,5.397701740264893
286,0.00037929954123683274,0.39405468106269836,0.000706333783455193,0.38010692596435547,0.026479091495275497,4.652283668518066
287,0.00022428925149142742,0.4826885759830475,1.4699926396133378e-05,0.5663970112800598,0.02618638426065445,5.967268943786621
288,0.0002510703634470701,0.4446623623371124,0.00013813625264447182,0.5026963949203491,0.026528775691986084,5.645392894744873
289,0.0003897871938534081,0.5275721549987793,0.00043848331551998854,0.6393164396286011,0.025960348546504974,6.455710411071777
290,0.0003372034407220781,0.48318058252334595,0.0002427060971967876,0.5860561728477478,0.025778217241168022,6.447758197784424
291,0.0002038163656834513,0.30280184745788574,0.0008267061784863472,0.5150637030601501,0.02554367482662201,5.832047462463379
292,0.0006704771658405662,0.40737488865852356,0.0010233542416244745,0.5548259019851685,0.026016926392912865,7.344730377197266
293,0.00028644269332289696,0.4308632016181946,5.886400322197005e-05,0.6340759992599487,0.025275330990552902,6.751487731933594
294,0.00021724434918724,0.430283784866333,5.162391244084574e-05,0.5522418022155762,0.025384075939655304,6.402223110198975
295,0.00011079568503191695,0.29707056283950806,0.00013549340656027198,0.49103012681007385,0.02506931871175766,5.304910182952881
296,0.0001456310274079442,0.3743212819099426,0.0006518805748783052,0.5628538727760315,0.024902191013097763,6.081485748291016
297,0.0002274045255035162,0.34023815393447876,0.00013626301370095462,0.5350961089134216,0.024717016145586967,5.345468521118164
298,0.0002744809607975185,0.44641348719596863,5.770545612904243e-05,0.5897001028060913,0.024793216958642006,6.558621883392334
299,0.0002442991826683283,0.4066733717918396,0.0004774339613504708,0.5139776468276978,0.024414414539933205,5.401557922363281
300,0.00016187073197215796,0.2088392823934555,0.0008682249463163316,0.5421768426895142,0.02461285889148712,5.255372524261475
301,0.00032449004356749356,0.47227925062179565,0.0011768030235543847,0.6594791412353516,0.02413143217563629,6.903412342071533
302,0.0002938623074442148,0.31170210242271423,0.00039846095023676753,0.6823523044586182,0.02403089962899685,6.539066791534424
303,0.00025465580984018743,0.30327439308166504,0.00010088940325658768,0.6801990270614624,0.023979686200618744,6.426681041717529
304,0.0002091632632073015,0.3335285782814026,2.9257322239573114e-05,0.5257715582847595,0.02411334030330181,5.597385883331299
305,0.00027981027960777283,0.4134087860584259,0.00017843092791736126,0.6816366910934448,0.02367977797985077,6.715997695922852
306,0.00019007216906175017,0.5081886053085327,0.00022269444889388978,0.6671713590621948,0.023547383025288582,6.109394550323486
307,0.00019157747738063335,0.4716637134552002,2.8848648071289062e-05,0.5010167360305786,0.023318953812122345,5.51993465423584
308,0.0004414895665831864,0.4004048705101013,0.0003122866910416633,0.5360912680625916,0.024295169860124588,5.925949573516846
309,0.00022489172988571227,0.27364203333854675,0.0006292830221354961,0.40136855840682983,0.023767046630382538,4.575564861297607
310,0.0007200363907031715,0.33155393600463867,0.00022043536591809243,0.44553306698799133,0.023957625031471252,5.049160480499268
311,0.001550292712636292,0.4238094985485077,3.873169407597743e-05,0.5684150457382202,0.02317103184759617,6.23948860168457
312,0.000362702296115458,0.28304025530815125,0.0002892220509238541,0.6178050637245178,0.022903842851519585,6.137312412261963
313,0.00017933829803951085,0.36236822605133057,2.8969016057089902e-05,0.6066298484802246,0.022811580449342728,5.410114288330078
314,0.00023842928931117058,0.31706875562667847,0.0013943712692707777,0.49940893054008484,0.02259843796491623,5.475397109985352
315,0.0010082098888233304,0.38142314553260803,3.750310861505568e-05,0.636016845703125,0.02248309552669525,6.613064289093018
316,0.00015418630209751427,0.39666202664375305,0.00022422923939302564,0.5809459686279297,0.02230229787528515,6.379378318786621
317,0.00032494516926817596,0.4026167690753937,1.6874419088708237e-05,0.5471596717834473,0.022165007889270782,5.826949596405029
318,0.0001849859399953857,0.42724090814590454,5.0487680709920824e-05,0.6321646571159363,0.022102950140833855,6.61395788192749
319,0.0003179459017701447,0.31146925687789917,0.00013179724919609725,0.47911718487739563,0.022056160494685173,5.134928226470947
320,0.0001457507023587823,0.32310035824775696,0.00014824703976046294,0.476927250623703,0.022257540374994278,4.908009052276611
321,0.0004565127892419696,0.39550065994262695,0.00025867289514280856,0.5488912463188171,0.02176566608250141,5.488851070404053
322,0.00021669598936568946,0.35845571756362915,0.0004700484569184482,0.6113125681877136,0.021613553166389465,6.879634380340576
323,0.000252463185461238,0.5986723899841309,0.00038237811531871557,0.6888278722763062,0.021481486037373543,7.335653781890869
324,6.525396020151675e-05,0.3509172797203064,1.508556761109503e-05,0.5311256647109985,0.021636638790369034,5.801852226257324
325,0.0003459026920609176,0.31517571210861206,1.582037475600373e-05,0.5587581992149353,0.021316135302186012,6.147798538208008
326,0.0006624849047511816,0.29825976490974426,0.00014809401181992143,0.5647625923156738,0.02118396759033203,5.761462688446045
327,0.0001251766225323081,0.34357693791389465,1.5295856428565457e-05,0.6146705150604248,0.02111474983394146,6.290948867797852
328,0.0005896750371903181,0.3112003803253174,0.0004269870987627655,0.5374928116798401,0.02098376303911209,5.690707683563232
329,0.0002696181763894856,0.4387392997741699,0.0010366502683609724,0.5715394020080566,0.020909493789076805,6.409809589385986
330,0.0002827452262863517,0.4814099371433258,1.9633787815109827e-05,0.5757582187652588,0.020747262984514236,7.16419792175293
331,0.00011464605631772429,0.3024100065231323,3.412087608012371e-05,0.6123822331428528,0.020691655576229095,6.229018688201904
332,0.0004114421608392149,0.4727136790752411,0.00010424823994981125,0.6434899568557739,0.02055799774825573,6.693993091583252
333,0.00019744900055229664,0.43269264698028564,0.005304154008626938,0.5390375852584839,0.02053872123360634,6.035919189453125
334,0.00014690081297885627,0.3526991009712219,4.169033491052687e-05,0.6010307669639587,0.02027738094329834,5.857861042022705
335,0.00029267434729263186,0.25527051091194153,4.041722058900632e-05,0.618626594543457,0.02014637179672718,6.3041462898254395
336,0.000276399397989735,0.3760374188423157,1.7722291886457242e-05,0.5893676280975342,0.020542513579130173,5.809622764587402
337,0.0006925887428224087,0.41930505633354187,0.0007576908683404326,0.5034841299057007,0.02039841189980507,5.2715253829956055
338,0.0002561551227699965,0.3394288420677185,0.00013483248767443,0.578360915184021,0.019985392689704895,5.896378517150879
339,0.00031246006255969405,0.36718374490737915,1.3136428606230766e-05,0.6284970641136169,0.019841039553284645,6.565215110778809
340,0.0001905496756080538,0.4136098623275757,0.0008789175772108138,0.5878542065620422,0.02004299685359001,5.953056812286377
341,0.00016539142234250903,0.311978280544281,0.0002570717188064009,0.5519402623176575,0.01964494399726391,6.092018127441406
342,0.00045966694597154856,0.46767181158065796,0.00023910369782242924,0.6434328556060791,0.01968206837773323,6.5127482414245605
343,0.00016946419782470912,0.44215381145477295,6.018116982886568e-05,0.590211033821106,0.019675612449645996,6.268853664398193
344,9.082550241146237e-05,0.28857022523880005,3.383697185199708e-05,0.594786524772644,0.019437996670603752,6.052249908447266
345,0.0001947512209881097,0.44537898898124695,0.0005981200956739485,0.671248733997345,0.019767610356211662,6.480441570281982
346,0.00015683475066907704,0.3349628448486328,0.0008088275208137929,0.5360742211341858,0.0198193546384573,5.935841083526611
347,0.00017748182290233672,0.35480767488479614,2.3915648853289895e-05,0.6882508993148804,0.019206250086426735,7.088987827301025
348,0.0003732162294909358,0.4366437792778015,2.0338102331152186e-05,0.5436646342277527,0.019040822982788086,5.84787654876709
349,0.0004917063051834702,0.3343864977359772,1.1448935765656643e-05,0.6097030639648438,0.018916022032499313,6.0421037673950195
350,0.0002207273937528953,0.34994202852249146,9.98618415906094e-05,0.5414124727249146,0.018818670883774757,5.912839889526367
351,0.00019823331967927516,0.47002485394477844,0.00010116325574927032,0.6534286737442017,0.01875428855419159,7.0555267333984375
352,0.00023549488105345517,0.3256363570690155,0.0006639675702899694,0.5611560940742493,0.01880776695907116,5.821491718292236
353,0.00031227568979375064,0.34341663122177124,1.8315982742933556e-05,0.5601400136947632,0.018754808232188225,6.135472774505615
354,0.00024322383978869766,0.34945690631866455,0.0007522610831074417,0.60606849193573,0.018796749413013458,6.245469570159912
355,0.00011480451939860359,0.4593738913536072,4.013213765574619e-05,0.527742862701416,0.018478600308299065,5.618374347686768
356,0.00016363187751267105,0.40184083580970764,0.00242062471807003,0.512907862663269,0.018498703837394714,5.267772674560547
357,0.0001076397966244258,0.3562833368778229,5.1699062169063836e-05,0.5083843469619751,0.01833209954202175,5.987232685089111
358,0.0004909977433271706,0.3118385076522827,0.00014134985394775867,0.4725721478462219,0.018423356115818024,5.0133867263793945
359,0.00010491747525520623,0.2518637180328369,3.382388240424916e-05,0.5631457567214966,0.018106497824192047,5.755412578582764
360,0.00024456498795188963,0.6109949946403503,5.414306724560447e-05,0.6259260177612305,0.01800958812236786,6.850395679473877
361,0.00014708410890307277,0.45867234468460083,0.00021051846852060407,0.563618540763855,0.018162114545702934,6.279603004455566
362,0.00010169336019316688,0.5040098428726196,0.00011451035970821977,0.6124678254127502,0.017952093854546547,6.424891471862793
363,0.0001235199742950499,0.3770121932029724,6.578153261216357e-05,0.5211431980133057,0.018120786175131798,5.614346027374268
364,9.287367720389739e-05,0.46973147988319397,6.378511170623824e-05,0.60014408826828,0.017690975219011307,6.501585006713867
365,0.0003147058596368879,0.36223262548446655,6.229786231415346e-05,0.5323526859283447,0.0177164189517498,5.459906101226807
366,0.0003951258840970695,0.41413718461990356,0.00016652945487294346,0.5347933769226074,0.017529156059026718,5.89687442779541
367,0.00010079013736685738,0.3911864459514618,6.444677637773566e-06,0.4994339346885681,0.01738676242530346,5.806608200073242
368,6.789350300095975e-05,0.40514421463012695,3.9270249544642866e-05,0.5398901700973511,0.01780136302113533,5.798397064208984
369,0.00015738459478598088,0.496249794960022,0.00032632233342155814,0.667690634727478,0.017237883061170578,6.887029647827148
370,0.00010075078171212226,0.45793166756629944,0.0015002646250650287,0.5355622172355652,0.01715823821723461,6.059582233428955
371,0.0005713560385629535,0.4037308096885681,2.189123370044399e-05,0.6073159575462341,0.017157265916466713,6.372651100158691
372,0.00019872025586664677,0.46547406911849976,0.00018484369502402842,0.5659608840942383,0.01736392453312874,6.214744567871094
373,0.0001583682605996728,0.4271969795227051,0.00016157607024069875,0.5228556394577026,0.016939736902713776,6.409769535064697
374,0.00018673398881219327,0.29706764221191406,3.755299621843733e-05,0.5582823753356934,0.017281321808695793,5.7357988357543945
375,0.00017966989253181964,0.2772807478904724,0.0001106546915252693,0.5200830698013306,0.01730545051395893,5.792219161987305
376,0.0001871919521363452,0.26763916015625,6.664594548055902e-05,0.5483427047729492,0.01711932383477688,6.039679527282715
377,0.00014468893641605973,0.36364197731018066,3.1443974876310676e-05,0.5296859741210938,0.0169691015034914,5.7536940574646
378,0.00021328695584088564,0.4724962115287781,0.00013142742682248354,0.5021759271621704,0.0169661995023489,6.303884029388428
379,0.00023960453108884394,0.21651971340179443,8.366376277990639e-05,0.42328768968582153,0.01664472185075283,5.275028705596924
380,8.337232429767027e-05,0.33642324805259705,2.5052038836292922e-05,0.6154366135597229,0.01652594842016697,6.2564592361450195
381,7.282177830347791e-05,0.45240551233291626,1.5699799405410886e-05,0.4960120916366577,0.016665885224938393,5.430107116699219
382,0.00015885602624621242,0.30281415581703186,0.0003066803910769522,0.4501761496067047,0.016340287402272224,4.93878173828125
383,0.0001577629882376641,0.39431554079055786,4.0838978748070076e-05,0.5640842318534851,0.016518333926796913,5.941149711608887
384,8.727534441277385e-05,0.3160174489021301,2.707663952605799e-05,0.5879138708114624,0.01631307415664196,6.579798698425293
385,9.101454634219408e-05,0.30322182178497314,6.39160061837174e-05,0.534955620765686,0.01651516556739807,5.878177642822266
386,0.00017635835683904588,0.3802052438259125,2.6506055291974917e-05,0.48151445388793945,0.016066430136561394,5.937741279602051
387,8.50512515171431e-05,0.27460044622421265,0.00014481125981546938,0.4364106059074402,0.01610923744738102,5.588152885437012
388,0.00022683004499413073,0.39503371715545654,0.000500005146022886,0.5814881920814514,0.015961145982146263,6.482247352600098
389,0.0001180779145215638,0.28045654296875,2.7715239411918446e-05,0.501030683517456,0.016063394024968147,5.506336688995361
390,0.00011796527542173862,0.3332025706768036,6.1493665270973e-05,0.46989428997039795,0.01611843891441822,5.407378196716309
391,7.338967407122254e-05,0.3493831157684326,0.00012928686919622123,0.6076167821884155,0.015859927982091904,6.6252899169921875
392,0.00017403578385710716,0.26654893159866333,3.417583502596244e-05,0.4307454824447632,0.015788817778229713,5.1953020095825195
393,0.00015896921104285866,0.4372689425945282,1.9121909645036794e-05,0.5718857049942017,0.015963539481163025,5.962555408477783
394,0.00012160438927821815,0.3420543074607849,0.0002213885891251266,0.5925983786582947,0.015626318752765656,6.526246070861816
395,4.99085035698954e-05,0.40255096554756165,1.0979960279655643e-05,0.4841136038303375,0.01592000387609005,5.958420753479004
396,0.000171297462657094,0.33540356159210205,0.00013276647950988263,0.4970107674598694,0.015555420890450478,5.78618049621582
397,0.00017843203386291862,0.4181804955005646,0.00021857158571947366,0.6059303283691406,0.015415885485708714,6.660971164703369
398,0.0001387458760291338,0.4541054964065552,0.0015838338294997811,0.49157172441482544,0.015255417674779892,5.70985221862793
399,0.0001812147966120392,0.3205386698246002,7.659535185666755e-06,0.47011691331863403,0.015410300344228745,5.638025283813477
400,0.00013853951531928033,0.254642128944397,0.00032324070343747735,0.4923712909221649,0.0154625428840518,5.557772159576416
401,0.00022226989676710218,0.4118189215660095,0.00010263505828334019,0.6690613627433777,0.015059240162372589,6.727417945861816
402,0.00011787124822149053,0.3621208071708679,0.00022785300097893924,0.5911052227020264,0.015333924442529678,6.473634719848633
403,0.00036980019649490714,0.3245930075645447,0.00041227336623705924,0.4657496511936188,0.01530439406633377,5.606194496154785
404,0.00013523119559977204,0.44034260511398315,0.001842078985646367,0.49816805124282837,0.015272277407348156,5.951406955718994
405,8.002636604942381e-05,0.4743138551712036,0.0003609966370277107,0.5983375310897827,0.014874093234539032,6.7442474365234375
406,0.0005939657567068934,0.38644590973854065,2.389810288150329e-05,0.5589185953140259,0.01544689666479826,6.177488327026367
407,0.00041642613359726965,0.312132865190506,3.4312393836444244e-05,0.4499364197254181,0.015325332060456276,5.807893753051758
408,0.00011279852333245799,0.39609068632125854,0.00023148512991610914,0.5142847299575806,0.015545654110610485,5.66413688659668
409,0.00038593876524828374,0.39362484216690063,0.0007679565460421145,0.47946977615356445,0.014869526959955692,5.754693508148193
410,0.00010410932009108365,0.38741564750671387,2.8163827664684504e-05,0.4404990077018738,0.015060803852975368,5.513881683349609
411,0.00028858089353889227,0.3648539185523987,8.26367613626644e-05,0.5295777320861816,0.014691292308270931,6.074510097503662
412,0.00012372626224532723,0.38030004501342773,1.8914035535999574e-05,0.568509042263031,0.014637020416557789,6.711978912353516
413,0.00024871283676475286,0.3123556077480316,0.00012741898535750806,0.5614537000656128,0.014449217356741428,5.99025821685791
414,0.00020750644034706056,0.3182329535484314,4.30859381594928e-06,0.49124109745025635,0.015027053654193878,5.558607578277588
415,0.0003796552773565054,0.4050905704498291,2.7867177777807228e-05,0.5295827388763428,0.014570076018571854,6.136354446411133
416,0.00041484966641291976,0.4460616111755371,1.509487356088357e-05,0.47913965582847595,0.014344638213515282,5.845574378967285
417,0.0003485893248580396,0.35551849007606506,6.934947305126116e-05,0.5100880861282349,0.014281518757343292,5.741065979003906
418,0.00019372088718228042,0.41463273763656616,8.055954822339118e-05,0.5723358392715454,0.014114503748714924,6.820494651794434
419,0.00038351077819243073,0.3414273262023926,6.693996965623228e-06,0.5269080400466919,0.014083504676818848,5.950875759124756
420,0.0003878682618960738,0.31149381399154663,0.0002731544664129615,0.5389047861099243,0.01411378849297762,6.521289825439453
421,0.00018631918646860868,0.32755231857299805,1.4911072412360227e-06,0.5992934703826904,0.014242594130337238,7.006152153015137
422,0.00017312398995272815,0.36999592185020447,5.398093708208762e-05,0.4797547161579132,0.014087528921663761,5.998358249664307
423,0.00011360114149283618,0.46747589111328125,7.037938303255942e-06,0.5581938028335571,0.014617392793297768,6.975739479064941
424,0.00034796047839336097,0.34631258249282837,0.00014262751210480928,0.702534556388855,0.013922941870987415,7.101006984710693
425,0.00041579140815883875,0.3263489902019501,8.322589906128997e-07,0.5586423873901367,0.013958067633211613,7.519780158996582
426,0.00014651600213255733,0.28549259901046753,5.882469054085959e-07,0.5849270820617676,0.01384460087865591,7.844143390655518
427,5.8318917581345886e-05,0.3152012228965759,1.0683555956347845e-05,0.5075744390487671,0.014562181197106838,5.769569396972656
428,0.00010348109935875982,0.27840107679367065,4.682494363805745e-06,0.48700445890426636,0.013693065382540226,5.769504547119141
429,0.00015976920258253813,0.425915002822876,1.7359758203383535e-05,0.5305594205856323,0.01362646371126175,5.72410774230957
430,0.00046144856605678797,0.44332677125930786,2.359165819143527e-06,0.5773065090179443,0.013521713204681873,7.301750659942627
431,8.788338163867593e-05,0.4405408501625061,1.7295777070103213e-05,0.572770357131958,0.013476596213877201,6.584729194641113
432,0.00011664664634736255,0.44977858662605286,3.3982983040914405e-06,0.5489459037780762,0.013419561088085175,6.633604049682617
433,0.00017687203944660723,0.38287436962127686,0.0001886505342554301,0.42803698778152466,0.013323109596967697,5.2729902267456055
434,0.00014970848860684782,0.3531513810157776,0.0008521889103576541,0.5193569660186768,0.013495936058461666,5.848830699920654
435,9.381392737850547e-05,0.3525790572166443,6.971950642764568e-05,0.5378948450088501,0.014510439708828926,6.454630374908447
436,4.2449188185855746e-05,0.44543561339378357,0.00042587972711771727,0.5430168509483337,0.013672880828380585,6.221157073974609
437,0.00011960618576267734,0.35023432970046997,0.0001367399818263948,0.48491770029067993,0.01358481403440237,6.208719253540039
438,0.000137899347464554,0.2866192162036896,1.9475915905786678e-05,0.5986794233322144,0.01322255004197359,7.599588394165039
439,0.0001288065395783633,0.389386385679245,0.0004635081277228892,0.5068104267120361,0.013380782678723335,7.37671422958374
440,0.00018218191689811647,0.44995278120040894,0.0003151805722154677,0.573042094707489,0.013117365539073944,7.766422271728516
441,9.860243153525516e-05,0.3371824622154236,0.00010783901234390214,0.49372273683547974,0.0132070891559124,7.314826965332031
442,9.928602958098054e-05,0.29319316148757935,6.58195567666553e-05,0.5155247449874878,0.0135952178388834,6.207385063171387
443,0.00016039356705732644,0.3853757679462433,5.397644599725027e-06,0.5286760926246643,0.013151848688721657,8.18867301940918
444,0.000114000569737982,0.35461685061454773,2.1525534975808114e-05,0.5083757638931274,0.013366038911044598,7.430023670196533
445,0.00019271514611318707,0.33093953132629395,0.001108833122998476,0.6004409790039062,0.012886609882116318,7.560090065002441
446,0.0001015003799693659,0.26324883103370667,1.4694306628371123e-05,0.5077069401741028,0.013204260729253292,6.2997965812683105
447,0.00016921269707381725,0.27924585342407227,2.5947147150873207e-05,0.46157652139663696,0.012915337458252907,6.612742900848389
448,0.00012583161878865212,0.3780531883239746,0.0004571581957861781,0.5186041593551636,0.01277673989534378,6.57844352722168
449,0.0002450477913953364,0.24388077855110168,4.8855228669708595e-05,0.41240549087524414,0.01261685136705637,6.133440017700195
450,0.00016630104801151901,0.3427847921848297,1.707090632407926e-05,0.48623237013816833,0.012991680763661861,5.665310859680176
451,0.0001618874812265858,0.3435564935207367,2.840625893441029e-05,0.34547677636146545,0.012644421309232712,5.740512847900391
452,0.00010036629100795835,0.19617825746536255,6.847016629762948e-05,0.45161736011505127,0.01256158109754324,6.03230094909668
453,0.00026584387524053454,0.28307464718818665,0.0003284976410213858,0.45306092500686646,0.012413574382662773,6.152978420257568
454,0.00010389153612777591,0.33725857734680176,2.2507600078824908e-05,0.6123353242874146,0.012897908687591553,6.199216842651367
455,0.0002455010253470391,0.41900837421417236,2.054344440693967e-05,0.4438580870628357,0.01290656253695488,6.502790927886963
456,0.00011126450408482924,0.34733304381370544,0.0005346899852156639,0.5567684173583984,0.01249876618385315,7.027876377105713
457,0.00013466480595525354,0.48096251487731934,0.0002688756794668734,0.5816229581832886,0.01257516723126173,6.942002296447754
458,0.00015611041453666985,0.37020277976989746,6.97325449436903e-05,0.4826644957065582,0.012598426081240177,6.490729808807373
459,9.209798008669168e-05,0.35858434438705444,0.0002863419649656862,0.4630855321884155,0.012454908341169357,6.192677021026611
460,0.0001439500629203394,0.30252599716186523,0.003544456325471401,0.4993906617164612,0.012494027614593506,6.2703857421875
461,0.000257319858064875,0.501568078994751,6.9696043283329345e-06,0.5778685212135315,0.012209947220981121,7.068111896514893
462,0.00013148356811143458,0.3354320824146271,7.621703844051808e-06,0.47471117973327637,0.012361781671643257,6.69387149810791
463,0.0002917005040217191,0.37202417850494385,0.0003335106302984059,0.42182016372680664,0.012222089804708958,5.966935157775879
464,0.00010190859029535204,0.30713218450546265,1.9035574950976297e-05,0.4702642560005188,0.012414964847266674,5.624778747558594
465,0.00016323477029800415,0.33401724696159363,1.983215770451352e-05,0.445339173078537,0.0120267104357481,5.477497100830078
466,0.00010177823423873633,0.3822329044342041,9.89942236628849e-06,0.4783816933631897,0.01208499912172556,6.3175950050354
467,0.00010800953896250576,0.31672221422195435,0.00015279567742254585,0.34384095668792725,0.012416711077094078,5.728768348693848
468,0.00033436791272833943,0.3196151852607727,0.0004004951915703714,0.4523553252220154,0.011831524781882763,7.003203868865967
469,0.0003236232150811702,0.28779539465904236,3.9837918848206755e-06,0.36502355337142944,0.012894978746771812,5.054383277893066
470,0.00021382867998909205,0.32351595163345337,7.395556895062327e-05,0.5568782687187195,0.011764919385313988,7.401217937469482
471,0.0003974120772909373,0.45667925477027893,0.00036911587812937796,0.4675734043121338,0.012645200826227665,6.753750324249268
472,8.580364374211058e-05,0.4946122467517853,3.291605389676988e-05,0.5507460236549377,0.011907363310456276,6.861624717712402
473,0.00015819873078726232,0.3437829911708832,0.0003218348720110953,0.3350519835948944,0.011996496468782425,6.258456230163574
474,0.00015719779185019433,0.33510273694992065,9.688489626569208e-06,0.4285762906074524,0.011983704753220081,5.550456523895264
475,0.00018852268112823367,0.2780103087425232,0.0005511769559234381,0.4377741813659668,0.012042497284710407,6.070579528808594
476,0.00011067130253650248,0.2686985433101654,8.611766133981291e-06,0.3590060770511627,0.011849964037537575,6.107982635498047
477,0.00017053171177394688,0.3362466096878052,0.006079461425542831,0.45571309328079224,0.012138324789702892,6.5081915855407715
478,0.0003673512255772948,0.3105934262275696,5.333615990821272e-05,0.38253605365753174,0.011905011720955372,5.601676940917969
479,0.0003107144439127296,0.3293863534927368,1.1671143511193804e-05,0.42494484782218933,0.011711345054209232,5.937387943267822
480,0.00022947974503040314,0.34669357538223267,0.00012679738574661314,0.3730961084365845,0.011816365644335747,5.295534133911133
481,0.0004529012949205935,0.40759342908859253,3.454148827586323e-05,0.43785855174064636,0.011426626704633236,6.590846538543701
482,0.00015671830624341965,0.25398343801498413,0.0007416742155328393,0.35503971576690674,0.012159186415374279,5.6681809425354
483,0.00022408054792322218,0.3057250380516052,0.0004654617514461279,0.49035966396331787,0.011455847881734371,5.620072364807129
484,0.0004694237431976944,0.36047112941741943,0.003230069763958454,0.5789806842803955,0.01128430012613535,6.726036548614502
485,0.0002842346439138055,0.347242534160614,5.376130502554588e-05,0.4859870374202728,0.011878968216478825,6.530182838439941
486,0.00019299646373838186,0.25929364562034607,9.471959856455214e-06,0.3521423935890198,0.011435138992965221,5.821364879608154
487,0.00021465987083502114,0.4081914722919464,0.0002645868225954473,0.41028648614883423,0.011430510319769382,6.512205123901367
488,0.000199278918444179,0.2151184380054474,0.0014152586227282882,0.36231011152267456,0.01155677530914545,6.063847064971924
489,0.00010630559700075537,0.2980455160140991,3.930313323508017e-05,0.5142906904220581,0.01144682802259922,6.460721015930176
490,0.00022775839897803962,0.40863752365112305,5.661009345203638e-05,0.3407939076423645,0.011194655671715736,7.434411525726318
491,0.0001917989575304091,0.37180179357528687,0.0001530270092189312,0.37907832860946655,0.011142970062792301,7.031142234802246
492,6.297395884757861e-05,0.29407161474227905,0.00021216325694695115,0.43336331844329834,0.011809442192316055,5.788402080535889
493,0.0001986066927202046,0.33661335706710815,9.241467341780663e-05,0.4876354932785034,0.011409122496843338,5.771553039550781
494,0.00022378037101589143,0.28195416927337646,0.00012630500714294612,0.3729458153247833,0.011126160621643066,5.288676738739014
495,0.00011487216397654265,0.27930739521980286,1.7607497284188867e-05,0.5154794454574585,0.010948102921247482,7.111027717590332
496,0.00035948242293670774,0.3322393596172333,6.787261554563884e-06,0.3847746253013611,0.01104437094181776,5.7108235359191895
497,0.00023969367612153292,0.2701982259750366,7.151339559641201e-06,0.37727516889572144,0.01113436184823513,5.91157341003418
498,0.00017189349455293268,0.32264381647109985,1.4774827832297888e-06,0.36763477325439453,0.010917617939412594,5.43539571762085
499,0.00020995450904592872,0.3382788300514221,3.5024568205699325e-05,0.33502089977264404,0.010942908935248852,6.261852264404297
